{
  "ars_nouveau:mob_jar": null,
  "balm:jade": null,
  "create_mechanical_chicken:data": null,
  "create_mob_spawners:spawner_progress": null,
  "goety:block_owner": null,
  "goety:raider_leader": null,
  "goety:servant_mode": null,
  "goety:soul_energy": null,
  "goety:summon_breed": null,
  "goety:summon_growth": null,
  "goety:summon_lifespan": null,
  "goety:summon_owner": null,
  "goety:train_to": null,
  "goety:trainable": null,
  "goety:villager_profession": null,
  "goety:zombie_villager": null,
  "immersiveengineering:multiblock_icon": null,
  "immersiveengineering:multiblock_inventory": null,
  "immersiveengineering:multiblock_tank": null,
  "jade:block_face": null,
  "jade:distance": null,
  "jade:mod_name": null,
  "jade:object_name": null,
  "jade:registry_name": null,
  "mekanism:data_provider": null,
  "mekanism:entity_data_provider": null,
  "mekanism:remove_builtin": null,
  "mekanism:tooltip_renderer": null,
  "minecraft:animal_owner": null,
  "minecraft:armor_stand": null,
  "minecraft:beehive": null,
  "minecraft:block_display": null,
  "minecraft:block_states": null,
  "minecraft:brewing_stand": null,
  "minecraft:campfire": null,
  "minecraft:chicken_egg": null,
  "minecraft:chiseled_bookshelf": null,
  "minecraft:command_block": null,
  "minecraft:crop_progress": null,
  "minecraft:enchantment_power": null,
  "minecraft:energy_storage": null,
  "minecraft:entity_armor": null,
  "minecraft:entity_health": null,
  "minecraft:falling_block": null,
  "minecraft:fluid_storage": null,
  "minecraft:furnace": null,
  "minecraft:harvest_tool": null,
  "minecraft:horse_stats": null,
  "minecraft:item_ber": null,
  "minecraft:item_display": null,
  "minecraft:item_frame": null,
  "minecraft:item_storage": null,
  "minecraft:item_tooltip": null,
  "minecraft:jukebox": null,
  "minecraft:lectern": null,
  "minecraft:mob_breeding": null,
  "minecraft:mob_growth": null,
  "minecraft:mob_spawner": null,
  "minecraft:note_block": null,
  "minecraft:painting": null,
  "minecraft:player_head": null,
  "minecraft:potion_effects": null,
  "minecraft:progress": null,
  "minecraft:redstone": null,
  "minecraft:tnt_stability": null,
  "minecraft:total_enchantment_power": null,
  "minecraft:villager_profession": null,
  "minecraft:waxed": null,
  "minecraft:zombie_villager": null,
  "touhou_little_maid:altar": null,
  "touhou_little_maid:maid": null,
  "touhou_little_maid:picnic_mat": null,
  "touhou_little_maid:shrine_lamp": null,
  "touhou_little_maid:tombstone": null,
  "twilightforest:quest_ram_wool": null,
  "waystones:waystone": null
}